subject,subject2,sample,collection_date,Core,Zone,New_YearC14,C14_Climate_TimePeriod,C14_PeriodName
All,Central,MPBA1,1612,CHR0183,Central,1612,1300 AD to 1850 AD,Little Ice Age
All,Central,MPBA10,447,CHR0183,Central,447,500 BC to 500 AD,Roman Warm Period
All,Central,MPBA11,188,CHR0183,Central,188,500 BC to 500 AD,Roman Warm Period
All,Central,MPBA12,-71,CHR0183,Central,-71,500 BC to 500 AD,Roman Warm Period
All,Central,MPBA13,-330,CHR0183,Central,-330,500 BC to 500 AD,Roman Warm Period
All,Central,MPBA14,-588,CHR0183,Central,-588,900 BC to 500 BC,Iron Age Cold Epoch
All,Central,MPBA15,-847,CHR0183,Central,-847,900 BC to 500 BC,Iron Age Cold Epoch
All,Central,MPBA16,-1106,CHR0183,Central,-1106,1200 BC to 900 BC,3.2 ka Late Bronze Age Drought
All,Central,MPBA18,-1624,CHR0183,Central,-1624,1800 BC to 1200 BC,Bronze Age Warm Peak
All,Central,MPBA19,-1883,CHR0183,Central,-1883,2200 BC to 1800 BC,4.2 ka Drought
All,Central,MPBA2,1483,CHR0183,Central,1483,1300 AD to 1850 AD,Little Ice Age
All,Central,MPBA20,-2142,CHR0183,Central,-2142,2200 BC to 1800 BC,4.2 ka Drought
All,Central,MPBA21,-2401,CHR0183,Central,-2401,2500 BC to 2200 BC,Bronze Age Recovery
All,Central,MPBA22,-2660,CHR0183,Central,-2660,3000 BC to 2500 BC,Late Holocene Arid Transition
All,Central,MPBA23,-2919,CHR0183,Central,-2919,3000 BC to 2500 BC,Late Holocene Arid Transition
All,Central,MPBA24,-3178,CHR0183,Central,-3178,3000 BC to 2500 BC,Late Holocene Arid Transition
All,Central,MPBA25,-3437,CHR0183,Central,-3437,3000 BC to 2500 BC,Late Holocene Arid Transition
All,Central,MPBA3,1353,CHR0183,Central,1353,1300 AD to 1850 AD,Little Ice Age
All,Central,MPBA4,1224,CHR0183,Central,1224,900 AD to 1300 AD,Medieval Warm Period
All,Central,MPBA6,965,CHR0183,Central,965,900 AD to 1300 AD,Medieval Warm Period
All,Central,MPBA7,836,CHR0183,Central,836,500 AD to 900 AD,Late Antique Little Ice Age
All,Central,MPBA8,706,CHR0183,Central,706,500 AD to 900 AD,Late Antique Little Ice Age
All,Central,MPBA9,577,CHR0183,Central,577,500 AD to 900 AD,Late Antique Little Ice Age
All,South,MPBB1,1977,CHR0191,South,1977,1950 AD to 2010 AD,Recent Anthropogenic Warming
All,South,MPBB10,1545,CHR0191,South,1545,1300 AD to 1850 AD,Little Ice Age
All,South,MPBB11,1499,CHR0191,South,1499,1300 AD to 1850 AD,Little Ice Age
All,South,MPBB12,1453,CHR0191,South,1453,1300 AD to 1850 AD,Little Ice Age
All,South,MPBB13,1406,CHR0191,South,1406,1300 AD to 1850 AD,Little Ice Age
All,South,MPBB15,1313,CHR0191,South,1313,1300 AD to 1850 AD,Little Ice Age
All,South,MPBB16,1265,CHR0191,South,1265,900 AD to 1300 AD,Medieval Warm Period
All,South,MPBB17,1208,CHR0191,South,1208,900 AD to 1300 AD,Medieval Warm Period
All,South,MPBB18,1148,CHR0191,South,1148,900 AD to 1300 AD,Medieval Warm Period
All,South,MPBB19,1088,CHR0191,South,1088,900 AD to 1300 AD,Medieval Warm Period
All,South,MPBB2,1912,CHR0191,South,1912,1850 AD to 1950 AD,Early Industrial Revolution
All,South,MPBB20,1030,CHR0191,South,1030,900 AD to 1300 AD,Medieval Warm Period
All,South,MPBB21,971,CHR0191,South,971,900 AD to 1300 AD,Medieval Warm Period
All,South,MPBB22,910,CHR0191,South,910,900 AD to 1300 AD,Medieval Warm Period
All,South,MPBB23,853,CHR0191,South,853,500 AD to 900 AD,Late Antique Little Ice Age
All,South,MPBB24,795,CHR0191,South,795,500 AD to 900 AD,Late Antique Little Ice Age
All,South,MPBB25,739,CHR0191,South,739,500 AD to 900 AD,Late Antique Little Ice Age
All,South,MPBB3,1847,CHR0191,South,1847,1300 AD to 1850 AD,Little Ice Age
All,South,MPBB4,1780,CHR0191,South,1780,1300 AD to 1850 AD,Little Ice Age
All,South,MPBB5,1714,CHR0191,South,1714,1300 AD to 1850 AD,Little Ice Age
All,South,MPBB6,1651,CHR0191,South,1651,1300 AD to 1850 AD,Little Ice Age
All,South,MPBB7,1611,CHR0191,South,1611,1300 AD to 1850 AD,Little Ice Age
All,South,MPBB8,1589,CHR0191,South,1589,1300 AD to 1850 AD,Little Ice Age
All,South,MPBB9,1567,CHR0191,South,1567,1300 AD to 1850 AD,Little Ice Age
All,Central,MPBE1,1987,CHR0256,Central,1987,1950 AD to 2010 AD,Recent Anthropogenic Warming
All,Central,MPBE10,1579,CHR0256,Central,1579,1300 AD to 1850 AD,Little Ice Age
All,Central,MPBE11,1475,CHR0256,Central,1475,1300 AD to 1850 AD,Little Ice Age
All,Central,MPBE13,1137,CHR0256,Central,1137,900 AD to 1300 AD,Medieval Warm Period
All,Central,MPBE14,964,CHR0256,Central,964,900 AD to 1300 AD,Medieval Warm Period
All,Central,MPBE15,792,CHR0256,Central,792,500 AD to 900 AD,Late Antique Little Ice Age
All,Central,MPBE16,619,CHR0256,Central,619,500 AD to 900 AD,Late Antique Little Ice Age
All,Central,MPBE17,431,CHR0256,Central,431,500 BC to 500 AD,Roman Warm Period
All,Central,MPBE18,248,CHR0256,Central,248,500 BC to 500 AD,Roman Warm Period
All,Central,MPBE19,104,CHR0256,Central,104,500 BC to 500 AD,Roman Warm Period
All,Central,MPBE2,1942,CHR0256,Central,1942,1850 AD to 1950 AD,Early Industrial Revolution
All,Central,MPBE20,51,CHR0256,Central,51,500 BC to 500 AD,Roman Warm Period
All,Central,MPBE21,-2,CHR0256,Central,-2,500 BC to 500 AD,Roman Warm Period
All,Central,MPBE22,-53,CHR0256,Central,-53,500 BC to 500 AD,Roman Warm Period
All,Central,MPBE23,-104,CHR0256,Central,-104,500 BC to 500 AD,Roman Warm Period
All,Central,MPBE24,-157,CHR0256,Central,-157,500 BC to 500 AD,Roman Warm Period
All,Central,MPBE25,-208,CHR0256,Central,-208,500 BC to 500 AD,Roman Warm Period
All,Central,MPBE3,1896,CHR0256,Central,1896,1850 AD to 1950 AD,Early Industrial Revolution
All,Central,MPBE4,1851,CHR0256,Central,1851,1850 AD to 1950 AD,Early Industrial Revolution
All,Central,MPBE5,1804,CHR0256,Central,1804,1300 AD to 1850 AD,Little Ice Age
All,Central,MPBE6,1759,CHR0256,Central,1759,1300 AD to 1850 AD,Little Ice Age
All,Central,MPBE7,1713,CHR0256,Central,1713,1300 AD to 1850 AD,Little Ice Age
All,Central,MPBE8,1667,CHR0256,Central,1667,1300 AD to 1850 AD,Little Ice Age
All,Central,MPBE9,1621,CHR0256,Central,1621,1300 AD to 1850 AD,Little Ice Age
All,Central,MPBF1,1948,CHR0264,Central,1948,1850 AD to 1950 AD,Early Industrial Revolution
All,Central,MPBF10,1040,CHR0264,Central,1040,900 AD to 1300 AD,Medieval Warm Period
All,Central,MPBF11,840,CHR0264,Central,840,500 AD to 900 AD,Late Antique Little Ice Age
All,Central,MPBF12,536,CHR0264,Central,536,500 AD to 900 AD,Late Antique Little Ice Age
All,Central,MPBF13,201,CHR0264,Central,201,500 BC to 500 AD,Roman Warm Period
All,Central,MPBF14,-125,CHR0264,Central,-125,500 BC to 500 AD,Roman Warm Period
All,Central,MPBF16,-784,CHR0264,Central,-784,900 BC to 500 BC,Iron Age Cold Epoch
All,Central,MPBF17,-1100,CHR0264,Central,-1100,1200 BC to 900 BC,3.2 ka Late Bronze Age Drought
All,Central,MPBF18,-1419,CHR0264,Central,-1419,1800 BC to 1200 BC,Bronze Age Warm Peak
All,Central,MPBF19,-1673,CHR0264,Central,-1673,1800 BC to 1200 BC,Bronze Age Warm Peak
All,Central,MPBF2,1855,CHR0264,Central,1855,1850 AD to 1950 AD,Early Industrial Revolution
All,Central,MPBF20,-1839,CHR0264,Central,-1839,2200 BC to 1800 BC,4.2 ka Drought
All,Central,MPBF21,-2014,CHR0264,Central,-2014,2200 BC to 1800 BC,4.2 ka Drought
All,Central,MPBF22,-2188,CHR0264,Central,-2188,2200 BC to 1800 BC,4.2 ka Drought
All,Central,MPBF23,-2363,CHR0264,Central,-2363,2500 BC to 2200 BC,Bronze Age Recovery
All,Central,MPBF24,-2540,CHR0264,Central,-2540,3000 BC to 2500 BC,Late Holocene Arid Transition
All,Central,MPBF25,-2697,CHR0264,Central,-2697,3000 BC to 2500 BC,Late Holocene Arid Transition
All,Central,MPBF3,1744,CHR0264,Central,1744,1300 AD to 1850 AD,Little Ice Age
All,Central,MPBF4,1641,CHR0264,Central,1641,1300 AD to 1850 AD,Little Ice Age
All,Central,MPBF5,1539,CHR0264,Central,1539,1300 AD to 1850 AD,Little Ice Age
All,Central,MPBF6,1435,CHR0264,Central,1435,1300 AD to 1850 AD,Little Ice Age
All,Central,MPBF7,1331,CHR0264,Central,1331,1300 AD to 1850 AD,Little Ice Age
All,Central,MPBF8,1236,CHR0264,Central,1236,900 AD to 1300 AD,Medieval Warm Period
All,Central,MPBF9,1139,CHR0264,Central,1139,900 AD to 1300 AD,Medieval Warm Period
All,North,MPBG1,2003,CHR0280,North,2003,1950 AD to 2010 AD,Recent Anthropogenic Warming
All,North,MPBG10,1789,CHR0280,North,1789,1300 AD to 1850 AD,Little Ice Age
All,North,MPBG11,1729,CHR0280,North,1729,1300 AD to 1850 AD,Little Ice Age
All,North,MPBG12,1643,CHR0280,North,1643,1300 AD to 1850 AD,Little Ice Age
All,North,MPBG13,1551,CHR0280,North,1551,1300 AD to 1850 AD,Little Ice Age
All,North,MPBG14,1459,CHR0280,North,1459,1300 AD to 1850 AD,Little Ice Age
All,North,MPBG15,1366,CHR0280,North,1366,1300 AD to 1850 AD,Little Ice Age
All,North,MPBG16,1276,CHR0280,North,1276,900 AD to 1300 AD,Medieval Warm Period
All,North,MPBG17,1184,CHR0280,North,1184,900 AD to 1300 AD,Medieval Warm Period
All,North,MPBG18,1092,CHR0280,North,1092,900 AD to 1300 AD,Medieval Warm Period
All,North,MPBG19,1016,CHR0280,North,1016,900 AD to 1300 AD,Medieval Warm Period
All,North,MPBG2,1980,CHR0280,North,1980,1950 AD to 2010 AD,Recent Anthropogenic Warming
All,North,MPBG20,958,CHR0280,North,958,900 AD to 1300 AD,Medieval Warm Period
All,North,MPBG21,901,CHR0280,North,901,900 AD to 1300 AD,Medieval Warm Period
All,North,MPBG23,782,CHR0280,North,782,500 AD to 900 AD,Late Antique Little Ice Age
All,North,MPBG24,719,CHR0280,North,719,500 AD to 900 AD,Late Antique Little Ice Age
All,North,MPBG25,666,CHR0280,North,666,500 AD to 900 AD,Late Antique Little Ice Age
All,North,MPBG3,1956,CHR0280,North,1956,1950 AD to 2010 AD,Recent Anthropogenic Warming
All,North,MPBG4,1931,CHR0280,North,1931,1850 AD to 1950 AD,Early Industrial Revolution
All,North,MPBG5,1907,CHR0280,North,1907,1850 AD to 1950 AD,Early Industrial Revolution
All,North,MPBG6,1883,CHR0280,North,1883,1850 AD to 1950 AD,Early Industrial Revolution
All,North,MPBG7,1858,CHR0280,North,1858,1850 AD to 1950 AD,Early Industrial Revolution
All,North,MPBG8,1835,CHR0280,North,1835,1300 AD to 1850 AD,Little Ice Age
All,North,MPBG9,1812,CHR0280,North,1812,1300 AD to 1850 AD,Little Ice Age
All,North,MPBH1,2010,CHR0287,North,2010,1950 AD to 2010 AD,Recent Anthropogenic Warming
All,North,MPBH10,1869,CHR0287,North,1869,1850 AD to 1950 AD,Early Industrial Revolution
All,North,MPBH11,1834,CHR0287,North,1834,1300 AD to 1850 AD,Little Ice Age
All,North,MPBH12,1793,CHR0287,North,1793,1300 AD to 1850 AD,Little Ice Age
All,North,MPBH14,1710,CHR0287,North,1710,1300 AD to 1850 AD,Little Ice Age
All,North,MPBH15,1667,CHR0287,North,1667,1300 AD to 1850 AD,Little Ice Age
All,North,MPBH16,1626,CHR0287,North,1626,1300 AD to 1850 AD,Little Ice Age
All,North,MPBH18,1543,CHR0287,North,1543,1300 AD to 1850 AD,Little Ice Age
All,North,MPBH2,1994,CHR0287,North,1994,1950 AD to 2010 AD,Recent Anthropogenic Warming
All,North,MPBH20,1435,CHR0287,North,1435,1300 AD to 1850 AD,Little Ice Age
All,North,MPBH22,1324,CHR0287,North,1324,1300 AD to 1850 AD,Little Ice Age
All,North,MPBH23,1268,CHR0287,North,1268,900 AD to 1300 AD,Medieval Warm Period
All,North,MPBH24,1214,CHR0287,North,1214,900 AD to 1300 AD,Medieval Warm Period
All,North,MPBH3,1978,CHR0287,North,1978,1950 AD to 2010 AD,Recent Anthropogenic Warming
All,North,MPBH4,1962,CHR0287,North,1962,1950 AD to 2010 AD,Recent Anthropogenic Warming
All,North,MPBH5,1946,CHR0287,North,1946,1850 AD to 1950 AD,Early Industrial Revolution
All,North,MPBH6,1930,CHR0287,North,1930,1850 AD to 1950 AD,Early Industrial Revolution
All,North,MPBH7,1915,CHR0287,North,1915,1850 AD to 1950 AD,Early Industrial Revolution
All,North,MPBH8,1900,CHR0287,North,1900,1850 AD to 1950 AD,Early Industrial Revolution
All,North,MPBH9,1884,CHR0287,North,1884,1850 AD to 1950 AD,Early Industrial Revolution
All,North,MPBI1,1957,CHR0292,North,1957,1950 AD to 2010 AD,Recent Anthropogenic Warming
All,North,MPBI10,1240,CHR0292,North,1240,900 AD to 1300 AD,Medieval Warm Period
All,North,MPBI11,1102,CHR0292,North,1102,900 AD to 1300 AD,Medieval Warm Period
All,North,MPBI13,791,CHR0292,North,791,500 AD to 900 AD,Late Antique Little Ice Age
All,North,MPBI15,475,CHR0292,North,475,500 BC to 500 AD,Roman Warm Period
All,North,MPBI16,329,CHR0292,North,329,500 BC to 500 AD,Roman Warm Period
All,North,MPBI17,180,CHR0292,North,180,500 BC to 500 AD,Roman Warm Period
All,North,MPBI18,24,CHR0292,North,24,500 BC to 500 AD,Roman Warm Period
All,North,MPBI19,-141,CHR0292,North,-141,500 BC to 500 AD,Roman Warm Period
All,North,MPBI2,1875,CHR0292,North,1875,1850 AD to 1950 AD,Early Industrial Revolution
All,North,MPBI20,-303,CHR0292,North,-303,500 BC to 500 AD,Roman Warm Period
All,North,MPBI21,-469,CHR0292,North,-469,500 BC to 500 AD,Roman Warm Period
All,North,MPBI23,-785,CHR0292,North,-785,900 BC to 500 BC,Iron Age Cold Epoch
All,North,MPBI25,-1097,CHR0292,North,-1097,1200 BC to 900 BC,3.2 ka Late Bronze Age Drought
All,North,MPBI4,1713,CHR0292,North,1713,1300 AD to 1850 AD,Little Ice Age
All,North,MPBI5,1635,CHR0292,North,1635,1300 AD to 1850 AD,Little Ice Age
All,North,MPBI6,1555,CHR0292,North,1555,1300 AD to 1850 AD,Little Ice Age
All,North,MPBI7,1477,CHR0292,North,1477,1300 AD to 1850 AD,Little Ice Age
All,North,MPBI8,1399,CHR0292,North,1399,1300 AD to 1850 AD,Little Ice Age
All,North,MPBI9,1318,CHR0292,North,1318,1300 AD to 1850 AD,Little Ice Age