Phylum,MPBA1,MPBA10,MPBA11,MPBA12,MPBA13,MPBA14,MPBA15,MPBA16,MPBA18,MPBA19,MPBA2,MPBA20,MPBA21,MPBA22,MPBA23,MPBA24,MPBA25,MPBA3,MPBA4,MPBA6,MPBA7,MPBA8,MPBA9,MPBB1,MPBB10,MPBB11,MPBB12,MPBB13,MPBB15,MPBB16,MPBB17,MPBB18,MPBB19,MPBB2,MPBB20,MPBB21,MPBB22,MPBB23,MPBB24,MPBB25,MPBB3,MPBB4,MPBB5,MPBB6,MPBB7,MPBB8,MPBB9,MPBE1,MPBE10,MPBE11,MPBE13,MPBE14,MPBE15,MPBE16,MPBE17,MPBE18,MPBE19,MPBE2,MPBE20,MPBE21,MPBE22,MPBE23,MPBE24,MPBE25,MPBE3,MPBE4,MPBE5,MPBE6,MPBE7,MPBE8,MPBE9,MPBF1,MPBF10,MPBF11,MPBF12,MPBF13,MPBF14,MPBF16,MPBF17,MPBF18,MPBF19,MPBF2,MPBF20,MPBF21,MPBF22,MPBF23,MPBF24,MPBF25,MPBF3,MPBF4,MPBF5,MPBF6,MPBF7,MPBF8,MPBF9,MPBG1,MPBG10,MPBG11,MPBG12,MPBG13,MPBG14,MPBG15,MPBG16,MPBG17,MPBG18,MPBG19,MPBG2,MPBG20,MPBG21,MPBG23,MPBG24,MPBG25,MPBG3,MPBG4,MPBG5,MPBG6,MPBG7,MPBG8,MPBG9,MPBH1,MPBH10,MPBH11,MPBH12,MPBH14,MPBH15,MPBH16,MPBH18,MPBH2,MPBH20,MPBH22,MPBH23,MPBH24,MPBH3,MPBH4,MPBH5,MPBH6,MPBH7,MPBH8,MPBH9,MPBI1,MPBI10,MPBI11,MPBI13,MPBI15,MPBI16,MPBI17,MPBI18,MPBI19,MPBI2,MPBI20,MPBI21,MPBI23,MPBI25,MPBI4,MPBI5,MPBI6,MPBI7,MPBI8,MPBI9
Annelida,2643,13,20,5,31,459,54,163,74,6412,171,33,26,47,1634,47,1319,1105,449,21,15,1131,12,2038,13273,873,1262,54,181,59,81,1355,44,3234,23815,3919,112,7239,36,16,1370056,40437,108009,2233,353,6159,664,1343,2914,3651,1079,93,54,86,1813,2951,277,2859,124,193,110,91,20,37,1626,2025,2771,2187,2284,1723,2917,7,3,18,131,103,1484,108,92,69,215,15,172,72,52,183,83,84,17,17,9,6,14,39,14,9258,13,35,36,14,7,55,1230,105,85,3588,544,6,29,13,16,35,88,1565,110,136,44,18,45,114,146,2198,6,15,420,23,397,13083,11,9,3,10,1053,20313,5150,1059,404,1970,154,2487,77,4,7,19,12,4,2,5,3220,2,4,12,11,269,51,223,44,257,7
Arthropoda,9649,84365,370163,553371,60919,129526,18924,31645,56899,63426,7433,21173,44722,128609,157873,130864,15350,12746,3421,28442,20841,13466,47517,10652,99661,15878,20614,45422,2000,6128,29687,55017,52238,34485,89523,59660,125517,53129,101917,29105,9257,15348,44856,6973,38036,38372,87754,1341,11791,4159,2669,9650,18223,13733,8789,1722,8254,5322,24089,183139,19823,4705,7000,6798,11704,1930,13224,6228,9925,3983,13505,1227,16364,2367,3771,28483,64417,67914,35957,79777,88799,2325,175622,21762,60211,245397,94015,174730,13943,3477,3218,1340,2997,1188,21841,55564,6970,13772,1832,319,278,277,243,306,546,502,8669,344,252,4195,998,172,12013,413,436,4943,578,390,428,12378,11274,379,3744,4371,429,288,6235,8779,406,581,687,491,1635,1413,10758,666,1212,118,208,5290,490,67,49,37,98,105,407,1720,4377,17873,162,212,221,2756,391,718,657,330,921
Bryozoa,1350,5,0,7,0,1,1,1,0,0,0,0,0,2,0,4,3,1150,0,0,1,0,0,1,3,32,0,0,0,0,0,1,0,8,0,6,0,137,0,2,0,0,2,1,2,1,13622,5,6,8,0,0,0,0,0,0,0,8,0,0,0,0,6,3,5,1,10,6,7,7,8,4,5,22,12,26,10,22,11,17,27,3,20,20,25,10,0,6,2,8,3,3,2,5,5,6,14,7,10,4,1,0,0,0,0,1,0,1,0,6,22,2,0,0,0,1,0,2,1,0,3,2,3,1,0,0,0,2,0,4,4,2,0,0,0,0,1,0,9,3,3,1,0,0,0,0,1,0,63,2,1,0,0,3,2,1,3,3,4
Chaetognatha,0,0,0,0,1,1,7,1,0,6,163,1,0,0,4,1,0,0,0,1,6,0,2,0,0,1,0,2,2,2,3,7,7,1,1,2,6,1,0,0,1,0,0,5,0,0,3,3,0,0,1,1,1,7,1,1,8,0,7,4,0,1,0,1,0,0,6,2,7,0,1,0,0,1,6,7,3,9,8,4,14,0,4,3,4,2,2,1,0,5,0,5,1,0,0,0,0,0,0,1,0,5,0,0,0,22,0,0,0,0,0,3,3,2,1,0,16,0,0,175,1,3,20,23,11,4,14,1501,10,14,21,17,225,142,61,7,0,1,0,39,8,13,12,4,4,11235,2,6,7,8,4,1,1,8,14,4,6,9,6
Chordata,2888,1310,321,166,8778,16,6602,3148,784,627,2956,349,21,10,5606,38,297,12612,6223,8338,1337,4602,3574,4472,6873,8241,4034,1864,10,137,7,103,8,8426,301,374,102,739,537,2384,1644,5875,8646,1267,2319,6382,2638,2154,3857,3392,522,1115,705,760,1102,1044,824,5973,689,1313,1183,2385,2988,1791,3546,4687,3674,3385,2275,1891,4493,3721,13640,8533,1050,2052,1313,3622,2000,1830,1399,5738,2746,2800,104734,890,581,1058,4936,12301,5543,3810,5551,5946,4316,65874,13471,16690,18574,32944,16170,33766,19431,12458,20729,25565,16972,9640,16560,18340,21917,7453,29676,16702,11143,29598,16577,8323,13631,6150,10157,23286,13989,15523,9727,4217,410533,25166,52778,51778,14070,115708,5892,6335,9177,8673,4864,6618,8101,14302,5784,7221,5565,2484,3674,3065,1549,2639,15300,2536,3098,3603,7765,11557,6424,2978,8659,5482,5812
Cnidaria,19023,17462,515,175,3137,11425,22959,2966,55,4422,15401,1721,29,24,24525,26,160,24651,7056,19806,25776,8423,2141,18197,1279,2167,2439,17,553,25,28,16,1417,11282,17,15282,21678,1966,8278,79,8568,1601,24476,501,1530,706,3488,7982,3758,14454,1305,266,355,3656,2518,1267,2231,21725,8239,83,3629,1806,21502,3332,22443,4568,19106,6753,8472,7712,14023,2706,15246,1106,101,162,119,200,8035,133,96,14121,188,184,217,160,73,144,4660,8818,4662,7772,3575,2223,4841,74380,6560,8353,2393,10977,6337,4954,4648,152,486,173,48345,89,122,109,101,143,15294,145,581,7286,125,1629,10943,4543,96,90,177,69,42,26,7835,26986,43,3306,1901,128,9468,6548,6088,1312,2996,16407,68,16128,22004,2389,2458,19,178,19,1051,114,12560,422,19,16,29,5103,2401,3188,18571,1094,6623
Echinodermata,0,0,0,0,21,14,19,13,10,6,1,10374,10,8,18,13,0,0,2,1,0,4,0,771,2,1,0,2,0,0,0,0,2,2,0,0,1,0,13,4,1,0,0,0,1,3,0,0,2,1,1,0,0,0,1,1,0,0,0,0,18,0,13,10,1,1,3,1,1,0,1,24,16,0,1,0,0,1,0,0,0,20,0,0,0,8,12,11,13,19,13,9,14,24,20,8,7,2620,2,0,10,6,1,0,0,0,8,29,5,2,0,0,13,7,3,8,2,20,5069,8,1,0,0,4,0,0,0,969,0,2,0,3,233,0,0,0,12,4,0,166,4,0,0,0,0,0,3,1,99,0,1,0,0,3,1,6,6,0,4
Mollusca,14388,50158,1031,1731,14384,11651,1190,910,1260,903,10388,12505,376,1117,2145,1076,422,28815,17410,40608,48812,19623,36631,5628,22241,500,10887,802,411,972,1371,767,1348,442,9726,2156,2386,13381,924,648,3875,663,3554,225,4916,404,9385,2506,15840,570,637,810,771,3007,3773,1130,2040,15436,2504,2469,7150,5130,5311,1334,37871,18894,18738,4487,3647,6240,2515,1320,11279,542,2737,1988,14780,2365,16799,1637,5249,2740,2520,1469,1121,31235,997,24984,2579,8862,3986,3635,2125,3934,4434,25366,98400,155627,60681,106832,14725,6054,623,51404,3153,550,5991,2972,443,498,551,125,3473,490,82873,28870,36947,107063,72600,722,1820,1846,89,38,41,1992,87,3615,66,79,57,121,258,496,479,527,808,517,153,1953,39790,18162,6811,21604,12379,36954,7611,22137,1142,20383,175,71,61,1449,86,303,1847,7295,7818
Nematoda,0,0,0,0,1,0,2,0,215,0,17,0,0,0,0,0,0,0,0,0,0,0,1,0,0,0,0,1,0,1,1,0,0,0,0,0,1,1,0,0,0,0,0,0,0,0,0,0,0,0,1,3,1,0,2005,1,2,0,4,3,2,1,0,0,0,0,0,0,0,0,0,0,0,0,0,0,0,0,0,0,0,0,0,0,0,0,0,0,0,1,0,0,0,0,23,3398,0,0,0,2,0,0,2,0,0,2,1,0,0,0,0,2,1,2,3,3,1,1,1,37,0,0,1,0,0,0,0,3,0,0,0,3,28,721,0,0,0,0,0,35,0,0,0,0,0,0,0,0,456,0,0,1,0,0,2,0,2,0,3
Nemertea,111,0,0,0,0,0,0,2,1,0,0,0,0,0,0,0,0,677,2193,2,2,0,1,1049,1,0,0,1,5,0,2,0,0,3,0,0,0,0,1,0,4,0,1,0,0,0,0,1,0,1,0,0,0,0,1,0,0,38,0,0,0,0,4,2,0,0,1,2,0,0,2,20,2,0,0,0,0,0,0,0,0,1,0,0,0,0,0,0,138,1046,21,2,1,2,1,378,1,0,0,0,0,1,15,0,7,0,1,0,0,0,0,13,2,14,0,16,0,0,0,15,4,3,0,0,8,0,0,65,0,0,0,0,3662,3,2168,1,1,3,1,151,0,2,5,2,3546,3,1,1,49,2,0,0,0,4,0,0,0,0,0
Platyhelminthes,0,0,0,0,0,0,0,0,0,0,21,0,1,0,0,1,0,0,0,0,0,0,0,14,0,1,761,0,0,0,0,0,0,0,0,0,0,0,0,0,0,0,0,0,0,0,0,0,0,0,0,0,1,3,0,0,0,0,0,0,0,80,2,1,2,0,0,0,0,0,0,0,3,10,2,4,10,4,8,3,6,4,13,9,13,0,0,0,861,3,2,5,3,1,2,193,0,3,5,2,2,3,1,0,0,0,1,0,2,1,14,0,1,0,0,2,0,0,1,0,1,1,0,0,0,0,0,0,0,0,6,0,0,0,0,0,0,162,0,35,1,278,9,4,4,5,3,3,0,3,6,0,0,0,0,0,1,1,0
Porifera,5557,4,47,13,772,15,129,2169,15,508,4277,1116,14,17,15,13,35,1707,693,2233,617,6,12,1300,154,51,433,31,488,18,11,2,4,32,7,17,12,12,30,9,554,6758,1724,26,23,45,1475,1611,180,2276,5,8,10,141,1287,31,6,10395,18,14,1158,15,2954,347,8433,1500,721,986,891,30,139,674,153,10,24,22,16,26,10,8,39,997,17,14,11,21973,19,27,411,2315,75,266,36,48,47,12556,511,224,11,8737,138,67,23,6640,203,43,4702,17,6374,18,9,20,3396,20,31,33,37,7,27,440,13,177,10,19,6,12,3,4909,2,3,0,27,1235,774,3267,2046,1198,1371,7,2631,8,242,18,6,15,12080,5,10,2271,8,3,4,5,2296,1913,852,17,330,179
Rotifera,2,2,1,0,0,2,3,1,0,0,150,1,2,0,0,0,1,30,1,794,2,3,0,61,0,0,0,1,0,0,0,0,0,3,0,0,0,0,4,1,17,0,0,1,0,0,1,218,0,2,0,0,0,0,0,0,0,0,0,0,0,0,4446,5,0,1,0,1,0,0,1,5,5,1,0,0,0,0,0,0,0,44,0,0,0,3,0,0,2,22,3,7,3,4,10,154,186,1,4,0,2,2,0,2,3,0,434,0,0,0,0,2,3,1,3,0,0,1,0,757,2,3,0,1,0,0,0,785,0,0,1,0,54,663,3,1,4,1,3,460,0,0,0,1,0,0,0,0,97,0,0,0,1,45,1,0,0,0,1
Tardigrada,0,0,0,0,0,0,0,0,0,0,0,0,0,0,0,0,0,0,0,0,1,0,0,0,0,0,0,0,0,0,0,0,0,0,0,0,0,0,0,0,0,0,0,0,0,0,0,0,0,0,0,0,0,0,0,0,0,0,0,0,0,0,0,0,0,0,0,0,0,0,0,0,0,0,0,0,0,0,0,0,0,0,0,0,0,0,0,0,0,0,0,0,0,0,0,0,0,0,0,0,0,0,0,0,0,1,0,0,0,0,0,0,0,0,0,0,3,0,0,56,0,0,0,1,0,0,931,0,1,0,0,0,0,0,0,0,0,0,0,0,0,0,0,0,0,1,0,0,0,0,0,0,0,0,2,0,0,0,0