Phylum,MPBA10,MPBE1,MPBE2,MPBE3,MPBE4,MPBE5,MPBE6,MPBE7,MPBE8,MPBE9,MPBE10,MPBE11,MPBE12,MPBE13,MPBE14,MPBE15,MPBE16,MPBE17,MPBE18,MPBE19,MPBE20,MPBE21,MPBE22,MPBE23,MPBE24,MPBE25,MPBF1,MPBF2,MPBF3,MPBF4,MPBA13,MPBF5,MPBF6,MPBF7,MPBF8,MPBF9,MPBF10,MPBF11,MPBF12,MPBF13,MPBF14,MPBA14,MPBF15,MPBF16,MPBF17,MPBF18,MPBF19,MPBF20,MPBF21,MPBF22,MPBF23,MPBF24,MPBA15,MPBF25,MPBG1,MPBG2,MPBG3,MPBG4,MPBG5,MPBG6,MPBG7,MPBG8,MPBG9,MPBA16,MPBG10,MPBG11,MPBG12,MPBG13,MPBG15,MPBG16,MPBG17,MPBG18,MPBG19,MPBA17,MPBG20,MPBG21,MPBG22,MPBG23,MPBG24,MPBG25,MPBH1,MPBH2,MPBH4,MPBA18,MPBH5,MPBH6,MPBH7,MPBH8,MPBH9,MPBH10,MPBH11,MPBH12,MPBH13,MPBH14,MPBA19,MPBH15,MPBH16,MPBH17,MPBH18,MPBH19,MPBH20,MPBH21,MPBH22,MPBH23,MPBH24,MPBA2,MPBA20,MPBH25,MPBI1,MPBI2,MPBI3,MPBI4,MPBI5,MPBI6,MPBI7,MPBI8,MPBI9,MPBA21,MPBI10,MPBI11,MPBI12,MPBI13,MPBI14,MPBI15,MPBI16,MPBI17,MPBI18,MPBI19,MPBA22,MPBI20,MPBI21,MPBI22,MPBI23,MPBI24,MPBI25,MPBA23,MPBA24,MPBA25,MPBB2,MPBB3,MPBB4,MPBA3,MPBB5,MPBB6,MPBB7,MPBB8,MPBB9,MPBB10,MPBB11,MPBB12,MPBB13,MPBB14,MPBA4,MPBB15,MPBB16,MPBB17,MPBB18,MPBB19,MPBB20,MPBB21,MPBB22,MPBB23,MPBA5,MPBB25,MPBA6,MPBA7,MPBA8,MPBA9
Annelida,20632,4945,48,20,150,73,47,61,84,27,37,18,105,57,33,17,138,46,33,36,61,64,21,19,195,15722,64,48,175,114,21,21363,5551,110,46,3055,38,205,41929,72,61,12,3759,132,773,134,118,63,68,50,64,29,15,23,44384,127,128,122,198,223,152,230,82277,12041,126,118,108,42,13,8,142,16,10,4,19,37,7,7,6,592,16692,35180,379276,11,44668,25823,1864,260,240,233,247,86,22050,34,9,9127,16470,22725,47,69,5874,13756,5261,28,11405,16381,130,82,27104,23798,137,106,2463,39194,102096,648,15828,6,9047,2241,57,7494,28024,95,70,3187,25275,8678,9,10039,6972,16162,28,18,13,8,4,30267,17,15,6,18687,10,9,5,7862,4251,12,3230,16,15,15,3116,5903,2,12403,5,1,8,11,5242,12,11,31,19,12,18,27
Arthropoda,64,262,10200,424,291,11383,349,418,214,14731,443,57604,1695570,897,955,1141,967,1567,1298,1725,39908,897,103920,1201,2247,195,21254,512,3868,16342,149,10988,6347,232,215,495,35404,2745,307,389,578,140,549,627,512,561,298,433,258038,699,974,22718,258,92,2777,4034,7013,24600,259,420,7932,359,186,140,40311,361,75868,1307,929,196,64,129,129,145,5958,84,3267,194,220,341486,5423,717,729,130,6258,11112,2111,266,15814,415,509,356355,375575,387925,151,347878,202384,272618,295081,248362,249943,266929,301482,273967,515855,21357,637,227954,107454,262650,234810,292228,262191,270167,282131,338698,355293,238,290626,388394,304941,390403,347468,419625,282850,437705,377105,360399,119,366198,359083,226967,197305,218265,321872,96,345,37,70,31,40,22177,20833,63,27,25767,40,28,2509,179,221,443,44,13021,283,5624,77754,1988,14876,187,11059,3828,81,48,54,84,19985,612
Chaetognatha,0,0,569,0,0,0,1,1,0,3,0,0,0,0,0,0,0,0,0,0,0,0,0,0,0,0,0,0,0,0,0,0,0,0,0,0,0,0,0,0,0,0,0,0,0,0,0,0,0,0,0,0,0,0,0,0,0,0,0,0,0,0,0,0,0,0,0,0,0,0,0,0,0,0,0,0,0,0,0,0,0,1,0,0,0,0,0,0,0,0,0,0,0,0,0,0,0,0,0,0,0,0,0,0,0,0,0,0,2,0,0,0,0,0,0,0,0,0,0,0,0,1,0,0,0,0,0,0,0,0,0,0,0,0,0,0,0,0,0,0,1,0,0,1,1,0,0,0,1,0,0,0,0,0,23,0,0,0,0,0,0,0,0,0,0,0,0,0
Chordata,12415,604,261,259,20681,488,309,591,27692,13684,191,1352,762,286,372,405,139347,67184,46551,13143,302,362,288,19094,443,478,1120,11363,572,4188,1896,337,561,16062,246,22554,251,409,1177,223,220,1609,306,779,250,46594,167,224,127,227,176985,49087,25498,81808,906,25350,27186,19850,339,72960,331,19119,225,138,268,2733,267,408,224,98615,897,388,267,193,428,187,34348,166,68097,197,1311,727,2126,119,10567,4426,8107,292,56600,64,82,7480,7087,75,165,2141,178,163,37570,197,15536,21179,12079,7436,146,874,201,3603,22462,20381,127,20768,7896,15435,74,68,14682,202,30734,190,68,82,206,1322,11868,19267,28117,56,128,14602,30,8048,11959,41,41675,1010,309,7421,128,13296,1718,250,30940,8044,56,43489,15252,2424,34401,33716,9769,15313,6842,15469,3947,12963,11169,1814,7257,12279,2328,15995,140,25577,8344,5177,3684,12764
Cnidaria,215,40435,107181,29532,28661,700,376,505,258,231,350,342,507,53508,565,612,317,517,327,339,223,122,63410,4649,4229,1578,486811,748354,63846,203749,72,286053,40950,175754,1798,142877,110005,67481,5195,482,630,5593,379,604,346,25364,273,154,314,334,258671,6953,348,192,1054,129,237,283,131,124359,151,215,127,302,76,159,186,335,1429,323,3945,311,216,51,87704,120,65,2661,37611,254,3537,34845,9666,5228,7762,157,814,3598,44,129,131,64218,13508,36137,27310,35665,66991,52211,68774,66205,83948,43727,45734,52882,155994,976354,7022,104296,9912,36077,56068,81966,89289,33942,45875,46206,57851,79,131294,528,35407,66042,140550,38760,130890,58729,142638,143675,46,98813,28444,45448,112781,101121,112170,49,133,90,22915,57,69,484073,24265,66,63,20122,65,21773,2738,58,7535,260,10352,638,51,4676,43,38,60,16322,18269,310,2076,19979,245,260,254,340
Echinodermata,0,0,0,0,0,0,0,0,0,0,0,0,0,0,0,0,0,0,0,0,0,0,0,0,3,2,1,1,2,3,0,1,2,2,3,2,2,0,0,0,0,0,0,0,0,0,0,0,0,0,0,0,0,0,0,0,0,0,0,0,0,0,0,3,0,0,0,0,0,0,0,0,0,0,1,0,0,0,0,0,0,0,0,0,0,0,0,0,0,0,0,0,0,0,0,0,0,0,0,0,0,0,0,0,0,0,0,0,0,0,0,0,0,0,0,0,0,0,0,0,0,0,0,0,0,0,0,0,0,0,0,0,0,0,0,0,0,0,0,0,0,0,0,0,0,0,0,0,0,0,0,0,0,1,0,0,0,0,0,0,0,0,0,0,0,0,0,0
Kinorhyncha,0,0,0,0,0,0,0,0,0,0,0,0,0,0,0,0,0,0,0,0,0,0,0,0,0,0,0,0,0,0,0,0,0,0,0,0,0,0,0,0,0,0,0,0,0,0,0,1,1,0,0,0,0,0,0,0,0,0,0,0,0,0,0,0,0,0,0,0,0,0,0,0,0,0,0,0,0,0,0,0,0,0,0,0,0,0,0,0,0,0,0,0,0,0,0,0,0,0,0,0,0,0,0,0,0,0,0,0,0,0,0,0,0,0,0,0,0,0,0,0,0,0,0,0,0,0,0,0,0,0,0,0,0,0,0,0,0,0,0,0,0,0,0,0,0,0,0,0,0,0,0,0,0,0,0,0,0,0,0,0,0,0,0,0,0,0,0,0
Mollusca,13,134,112,15508,108,175,108,155,99,81241,99,67,63,11101,42,17,37,38,47,29,57,59,20,24,107,354,405,41,3059,98,2,76,79,22740,105,37,37,39,88,48,17,1,37,190,31,22,34,84,19,9,23,231,1,9,351,13808,12022,60,81,153,100,149,61,3,88,86,67,52,33,23,24,35,25,8,25,15246,34,17,10,55,280,2102,538,2,39,5041,2285,46,46862,24,23,13099,13458,45,5,23,17335,11617,15911,31,29,47,10700,12612,100,5,2,23589,62,65,28896,65,41617,24068,35066,14529,14539,4,46,33324,54548,58,65,58,22908,8123,56,49,6,54,17782,10161,47,26,15491,3,7,23,62,35,35,10,25,43,35,41,29,23,68,1,0,48,12,2,9,3,5,2,8,4,5,7,13,5139,3,1125,8,11
Nematoda,3,32,80,36,40,69,45,74,27,38723,37,44,21,11,60,0,1,0,9,14,0,67,0,1,76,40,86,27,33,42,5,37,46,22,91,31,28,60,12,85,9,1,529,35,19,31,11,115,12,4,20,9,12,28,6271,1902,31961,105,95,202,111,201,88,0,137,99,77,145,86,63,54,115,62,2,97,47,65763,45,55,62,5158,88,1218,1,1751,3927,10661,16,592,21,19,12,2,31,8,1,2,5,3,9,0,5098,0,0,22,230,0,4,838,3,12,5,15310,7064,8,40,6,16,8,21,7,32,0,0,0,3,6,0,1,39,0,0,7,1,15,1,18,13,42067,734,10,25,12,18,15,36,13,8,52,2,0,22,4,179,6,0,17,0,26,1,1,23,8,9,0,10,1,21
Platyhelminthes,0,16,8,16,13,20,16,27,21,31,29,11,10,3,2,3,1,2,5,7,6,30,24,4,18,385,5,1342,5,7,5452,10,14,11,20,27,4,18,7,8,5,4,0,3,13,6,10,36,33,5,13,305,8,7,6,0,1,0,0,0,1,3,2,4,9,9,28,5,3,1,0,0,1,2,3,5,6,14,4,109,1113,45,49,6,90,14398,8597,18671,64076,47209,49,11,3,2042,1,1,3,1,6,10,2,9,3462,8935,30960,2782,1,2,208,1112,4,14,20,15,4,13,17,5,6,7,1,0,1,0,0,7,4,8,0,19,7,0,10,1,11472,0,0,6,9211,24127,5,82,18172,5,2,6,1,3,5,5,4,11,9,7,3,4,0,0,2,0,433,0,3,5,8,0,0,1
Porifera,37,13,3,62,1,6,29,93,1,80,27,0,320,29,21,80,49,73,79,34032,38,152,66,29,592,140,158,240,198,329,0,234,377,146,239261,221,147,427,54,57,143642,11,83,109,109,209,45,163,105,46,152,30447,6,11,560,84,62,98,77,173,86361,27123,74,2,135,93,55,240,24,71,37,60,46,3,102,21,70,37667,30,170,389,10,1600,10728,10765,28,4058,6,61,18,5,128,5,5,1,23,9632,9,18,47,6,3652,8,1,152,21477,0,9,2505,31,0,8,18,42,1,31,10,2,0,173,5,267,39,4,16,24,10039,10108,0,60,17,9,68,4,0,1,3,0,3,0,1,5749,6,0,0,697,0,0,0,11,18,17,41,10,11,14,17,8,12,4,10,44,155,81,51,45,29,93